part_no,part_name,male,female,third_gender,total,method,filename
1,,201,261,0,462,last_page_3col,2026-FC-EROLLGEN-S11-80-SIR-FinalRoll-Revision2-MAL-1-WI.pdf
2,,11,8,0,19,page1_table,2026-FC-EROLLGEN-S11-80-SIR-FinalRoll-Revision2-MAL-2-WI.pdf
3,,339,353,0,692,page1_table,2026-FC-EROLLGEN-S11-80-SIR-FinalRoll-Revision2-MAL-3-WI.pdf
4,,266,245,0,511,last_page_3col,2026-FC-EROLLGEN-S11-80-SIR-FinalRoll-Revision2-MAL-4-WI.pdf
5,,249,311,0,560,last_page_3col,2026-FC-EROLLGEN-S11-80-SIR-FinalRoll-Revision2-MAL-5-WI.pdf
6,,268,314,0,582,last_page_3col,2026-FC-EROLLGEN-S11-80-SIR-FinalRoll-Revision2-MAL-6-WI.pdf
7,,353,434,0,787,last_page_3col,2026-FC-EROLLGEN-S11-80-SIR-FinalRoll-Revision2-MAL-7-WI.pdf
8,,238,290,0,528,last_page_3col,2026-FC-EROLLGEN-S11-80-SIR-FinalRoll-Revision2-MAL-8-WI.pdf
9,,293,306,0,599,page1_table,2026-FC-EROLLGEN-S11-80-SIR-FinalRoll-Revision2-MAL-9-WI.pdf
10,,297,342,0,639,last_page_3col,2026-FC-EROLLGEN-S11-80-SIR-FinalRoll-Revision2-MAL-10-WI.pdf
11,,309,347,0,656,last_page_3col,2026-FC-EROLLGEN-S11-80-SIR-FinalRoll-Revision2-MAL-11-WI.pdf
12,,282,286,0,568,last_page_3col,2026-FC-EROLLGEN-S11-80-SIR-FinalRoll-Revision2-MAL-12-WI.pdf
13,,247,283,0,530,last_page_3col,2026-FC-EROLLGEN-S11-80-SIR-FinalRoll-Revision2-MAL-13-WI.pdf
14,,592,666,0,1258,page1_table,2026-FC-EROLLGEN-S11-80-SIR-FinalRoll-Revision2-MAL-14-WI.pdf
15,,583,626,0,1209,page1_table,2026-FC-EROLLGEN-S11-80-SIR-FinalRoll-Revision2-MAL-15-WI.pdf
16,,332,345,0,677,last_page_3col,2026-FC-EROLLGEN-S11-80-SIR-FinalRoll-Revision2-MAL-16-WI.pdf
17,,2026,1,1,2026,last_page,2026-FC-EROLLGEN-S11-80-SIR-FinalRoll-Revision2-MAL-17-WI.pdf
18,,375,420,0,795,last_page_3col,2026-FC-EROLLGEN-S11-80-SIR-FinalRoll-Revision2-MAL-18-WI.pdf
19,,448,508,0,956,last_page_3col,2026-FC-EROLLGEN-S11-80-SIR-FinalRoll-Revision2-MAL-19-WI.pdf
20,,254,309,0,563,last_page_3col,2026-FC-EROLLGEN-S11-80-SIR-FinalRoll-Revision2-MAL-20-WI.pdf
21,,287,309,0,596,page1_table,2026-FC-EROLLGEN-S11-80-SIR-FinalRoll-Revision2-MAL-21-WI.pdf
22,,284,287,0,571,last_page_3col,2026-FC-EROLLGEN-S11-80-SIR-FinalRoll-Revision2-MAL-22-WI.pdf
23,,234,277,0,511,last_page_3col,2026-FC-EROLLGEN-S11-80-SIR-FinalRoll-Revision2-MAL-23-WI.pdf
24,,296,325,0,621,last_page_3col,2026-FC-EROLLGEN-S11-80-SIR-FinalRoll-Revision2-MAL-24-WI.pdf
25,,260,281,0,541,page1_table,2026-FC-EROLLGEN-S11-80-SIR-FinalRoll-Revision2-MAL-25-WI.pdf
26,,2026,1,1,2026,last_page,2026-FC-EROLLGEN-S11-80-SIR-FinalRoll-Revision2-MAL-26-WI.pdf
27,,265,288,0,553,page1_table,2026-FC-EROLLGEN-S11-80-SIR-FinalRoll-Revision2-MAL-27-WI.pdf
28,,192,218,0,410,last_page_3col,2026-FC-EROLLGEN-S11-80-SIR-FinalRoll-Revision2-MAL-28-WI.pdf
29,,205,230,0,435,last_page_3col,2026-FC-EROLLGEN-S11-80-SIR-FinalRoll-Revision2-MAL-29-WI.pdf
30,,174,227,0,401,last_page_3col,2026-FC-EROLLGEN-S11-80-SIR-FinalRoll-Revision2-MAL-30-WI.pdf
31,,215,239,0,454,last_page_3col,2026-FC-EROLLGEN-S11-80-SIR-FinalRoll-Revision2-MAL-31-WI.pdf
32,,2026,1,1,2026,last_page,2026-FC-EROLLGEN-S11-80-SIR-FinalRoll-Revision2-MAL-32-WI.pdf
33,,9,0,0,9,last_page,2026-FC-EROLLGEN-S11-80-SIR-FinalRoll-Revision2-MAL-33-WI.pdf
34,,335,392,0,727,last_page_3col,2026-FC-EROLLGEN-S11-80-SIR-FinalRoll-Revision2-MAL-34-WI.pdf
35,,2026,1,1,2026,last_page,2026-FC-EROLLGEN-S11-80-SIR-FinalRoll-Revision2-MAL-35-WI.pdf
36,,434,484,0,918,last_page_3col,2026-FC-EROLLGEN-S11-80-SIR-FinalRoll-Revision2-MAL-36-WI.pdf
37,,479,530,0,1009,page1_table,2026-FC-EROLLGEN-S11-80-SIR-FinalRoll-Revision2-MAL-37-WI.pdf
38,,283,284,0,567,last_page_3col,2026-FC-EROLLGEN-S11-80-SIR-FinalRoll-Revision2-MAL-38-WI.pdf
39,,260,270,0,530,last_page_3col,2026-FC-EROLLGEN-S11-80-SIR-FinalRoll-Revision2-MAL-39-WI.pdf
40,,333,347,0,680,page1_table,2026-FC-EROLLGEN-S11-80-SIR-FinalRoll-Revision2-MAL-40-WI.pdf
41,,270,271,0,541,last_page_3col,2026-FC-EROLLGEN-S11-80-SIR-FinalRoll-Revision2-MAL-41-WI.pdf
42,,250,257,0,507,last_page_3col,2026-FC-EROLLGEN-S11-80-SIR-FinalRoll-Revision2-MAL-42-WI.pdf
43,,236,277,0,513,last_page_3col,2026-FC-EROLLGEN-S11-80-SIR-FinalRoll-Revision2-MAL-43-WI.pdf
44,,317,351,0,668,page1_table,2026-FC-EROLLGEN-S11-80-SIR-FinalRoll-Revision2-MAL-44-WI.pdf
45,,258,271,0,529,last_page_3col,2026-FC-EROLLGEN-S11-80-SIR-FinalRoll-Revision2-MAL-45-WI.pdf
46,,280,326,0,606,page1_table,2026-FC-EROLLGEN-S11-80-SIR-FinalRoll-Revision2-MAL-46-WI.pdf
47,,264,308,0,572,last_page_3col,2026-FC-EROLLGEN-S11-80-SIR-FinalRoll-Revision2-MAL-47-WI.pdf
48,,282,308,0,590,last_page_3col,2026-FC-EROLLGEN-S11-80-SIR-FinalRoll-Revision2-MAL-48-WI.pdf
49,,291,316,0,607,last_page_3col,2026-FC-EROLLGEN-S11-80-SIR-FinalRoll-Revision2-MAL-49-WI.pdf
50,,2026,1,1,2026,last_page,2026-FC-EROLLGEN-S11-80-SIR-FinalRoll-Revision2-MAL-50-WI.pdf
51,,214,219,0,433,last_page_3col,2026-FC-EROLLGEN-S11-80-SIR-FinalRoll-Revision2-MAL-51-WI.pdf
52,,291,320,0,611,last_page_3col,2026-FC-EROLLGEN-S11-80-SIR-FinalRoll-Revision2-MAL-52-WI.pdf
53,,292,279,0,571,last_page_3col,2026-FC-EROLLGEN-S11-80-SIR-FinalRoll-Revision2-MAL-53-WI.pdf
54,,422,423,0,845,last_page_3col,2026-FC-EROLLGEN-S11-80-SIR-FinalRoll-Revision2-MAL-54-WI.pdf
55,,301,360,0,661,last_page_3col,2026-FC-EROLLGEN-S11-80-SIR-FinalRoll-Revision2-MAL-55-WI.pdf
56,,282,298,0,580,last_page_3col,2026-FC-EROLLGEN-S11-80-SIR-FinalRoll-Revision2-MAL-56-WI.pdf
57,,261,312,0,573,last_page_3col,2026-FC-EROLLGEN-S11-80-SIR-FinalRoll-Revision2-MAL-57-WI.pdf
58,,397,435,0,832,last_page_3col,2026-FC-EROLLGEN-S11-80-SIR-FinalRoll-Revision2-MAL-58-WI.pdf
59,,274,276,0,550,last_page_3col,2026-FC-EROLLGEN-S11-80-SIR-FinalRoll-Revision2-MAL-59-WI.pdf
60,,261,302,0,563,last_page_3col,2026-FC-EROLLGEN-S11-80-SIR-FinalRoll-Revision2-MAL-60-WI.pdf
61,,398,407,0,805,last_page_3col,2026-FC-EROLLGEN-S11-80-SIR-FinalRoll-Revision2-MAL-61-WI.pdf
62,,2026,1,1,2026,last_page,2026-FC-EROLLGEN-S11-80-SIR-FinalRoll-Revision2-MAL-62-WI.pdf
63,,2026,1,1,2026,last_page,2026-FC-EROLLGEN-S11-80-SIR-FinalRoll-Revision2-MAL-63-WI.pdf
64,,214,205,0,419,last_page_3col,2026-FC-EROLLGEN-S11-80-SIR-FinalRoll-Revision2-MAL-64-WI.pdf
65,,2026,1,1,2026,last_page,2026-FC-EROLLGEN-S11-80-SIR-FinalRoll-Revision2-MAL-65-WI.pdf
66,,284,300,0,584,last_page_3col,2026-FC-EROLLGEN-S11-80-SIR-FinalRoll-Revision2-MAL-66-WI.pdf
67,,248,287,0,535,last_page_3col,2026-FC-EROLLGEN-S11-80-SIR-FinalRoll-Revision2-MAL-67-WI.pdf
68,,278,279,0,557,last_page_3col,2026-FC-EROLLGEN-S11-80-SIR-FinalRoll-Revision2-MAL-68-WI.pdf
69,,299,291,0,590,last_page_3col,2026-FC-EROLLGEN-S11-80-SIR-FinalRoll-Revision2-MAL-69-WI.pdf
70,,480,477,0,957,last_page_3col,2026-FC-EROLLGEN-S11-80-SIR-FinalRoll-Revision2-MAL-70-WI.pdf
71,,367,436,0,803,last_page_3col,2026-FC-EROLLGEN-S11-80-SIR-FinalRoll-Revision2-MAL-71-WI.pdf
72,,2026,1,1,2026,last_page,2026-FC-EROLLGEN-S11-80-SIR-FinalRoll-Revision2-MAL-72-WI.pdf
73,,2026,1,1,2026,last_page,2026-FC-EROLLGEN-S11-80-SIR-FinalRoll-Revision2-MAL-73-WI.pdf
74,,405,420,0,825,page1_table,2026-FC-EROLLGEN-S11-80-SIR-FinalRoll-Revision2-MAL-74-WI.pdf
75,,491,503,0,994,page1_table,2026-FC-EROLLGEN-S11-80-SIR-FinalRoll-Revision2-MAL-75-WI.pdf
76,,377,430,0,807,last_page_3col,2026-FC-EROLLGEN-S11-80-SIR-FinalRoll-Revision2-MAL-76-WI.pdf
77,,286,291,0,577,page1_table,2026-FC-EROLLGEN-S11-80-SIR-FinalRoll-Revision2-MAL-77-WI.pdf
78,,80,0,0,78,last_page,2026-FC-EROLLGEN-S11-80-SIR-FinalRoll-Revision2-MAL-78-WI.pdf
79,,299,312,0,611,page1_table,2026-FC-EROLLGEN-S11-80-SIR-FinalRoll-Revision2-MAL-79-WI.pdf
80,,80,0,0,80,last_page,2026-FC-EROLLGEN-S11-80-SIR-FinalRoll-Revision2-MAL-80-WI.pdf
81,,80,0,0,81,last_page,2026-FC-EROLLGEN-S11-80-SIR-FinalRoll-Revision2-MAL-81-WI.pdf
82,,80,0,0,82,last_page,2026-FC-EROLLGEN-S11-80-SIR-FinalRoll-Revision2-MAL-82-WI.pdf
83,,304,315,0,619,last_page_3col,2026-FC-EROLLGEN-S11-80-SIR-FinalRoll-Revision2-MAL-83-WI.pdf
84,,266,285,0,551,last_page_3col,2026-FC-EROLLGEN-S11-80-SIR-FinalRoll-Revision2-MAL-84-WI.pdf
85,,2026,1,1,2026,last_page,2026-FC-EROLLGEN-S11-80-SIR-FinalRoll-Revision2-MAL-85-WI.pdf
86,,357,338,0,695,last_page_3col,2026-FC-EROLLGEN-S11-80-SIR-FinalRoll-Revision2-MAL-86-WI.pdf
87,,296,288,0,584,last_page_3col,2026-FC-EROLLGEN-S11-80-SIR-FinalRoll-Revision2-MAL-87-WI.pdf
88,,261,313,0,574,last_page_3col,2026-FC-EROLLGEN-S11-80-SIR-FinalRoll-Revision2-MAL-88-WI.pdf
89,,397,405,0,802,last_page_3col,2026-FC-EROLLGEN-S11-80-SIR-FinalRoll-Revision2-MAL-89-WI.pdf
90,,433,475,0,908,last_page_3col,2026-FC-EROLLGEN-S11-80-SIR-FinalRoll-Revision2-MAL-90-WI.pdf
91,,619,626,0,1245,page1_table,2026-FC-EROLLGEN-S11-80-SIR-FinalRoll-Revision2-MAL-91-WI.pdf
92,,393,465,0,858,last_page_3col,2026-FC-EROLLGEN-S11-80-SIR-FinalRoll-Revision2-MAL-92-WI.pdf
93,,358,382,0,740,last_page_3col,2026-FC-EROLLGEN-S11-80-SIR-FinalRoll-Revision2-MAL-93-WI.pdf
94,,424,462,0,886,last_page_3col,2026-FC-EROLLGEN-S11-80-SIR-FinalRoll-Revision2-MAL-94-WI.pdf
95,,467,481,0,948,last_page_3col,2026-FC-EROLLGEN-S11-80-SIR-FinalRoll-Revision2-MAL-95-WI.pdf
96,,277,246,0,523,last_page_3col,2026-FC-EROLLGEN-S11-80-SIR-FinalRoll-Revision2-MAL-96-WI.pdf
97,,197,219,0,416,last_page_3col,2026-FC-EROLLGEN-S11-80-SIR-FinalRoll-Revision2-MAL-97-WI.pdf
98,,227,275,0,502,last_page_3col,2026-FC-EROLLGEN-S11-80-SIR-FinalRoll-Revision2-MAL-98-WI.pdf
99,,238,300,0,538,last_page_3col,2026-FC-EROLLGEN-S11-80-SIR-FinalRoll-Revision2-MAL-99-WI.pdf
100,,80,20,0,100,last_page,2026-FC-EROLLGEN-S11-80-SIR-FinalRoll-Revision2-MAL-100-WI.pdf
101,,214,224,0,438,last_page_3col,2026-FC-EROLLGEN-S11-80-SIR-FinalRoll-Revision2-MAL-101-WI.pdf
102,,80,20,0,102,last_page,2026-FC-EROLLGEN-S11-80-SIR-FinalRoll-Revision2-MAL-102-WI.pdf
103,,255,300,0,555,last_page_3col,2026-FC-EROLLGEN-S11-80-SIR-FinalRoll-Revision2-MAL-103-WI.pdf
104,,270,283,0,553,last_page_3col,2026-FC-EROLLGEN-S11-80-SIR-FinalRoll-Revision2-MAL-104-WI.pdf
105,,2026,1,1,2026,last_page,2026-FC-EROLLGEN-S11-80-SIR-FinalRoll-Revision2-MAL-105-WI.pdf
106,,267,239,0,506,last_page_3col,2026-FC-EROLLGEN-S11-80-SIR-FinalRoll-Revision2-MAL-106-WI.pdf
107,,275,288,0,563,last_page_3col,2026-FC-EROLLGEN-S11-80-SIR-FinalRoll-Revision2-MAL-107-WI.pdf
108,,273,302,0,575,last_page_3col,2026-FC-EROLLGEN-S11-80-SIR-FinalRoll-Revision2-MAL-108-WI.pdf
109,,224,249,0,473,last_page_3col,2026-FC-EROLLGEN-S11-80-SIR-FinalRoll-Revision2-MAL-109-WI.pdf
110,,218,230,0,448,last_page_3col,2026-FC-EROLLGEN-S11-80-SIR-FinalRoll-Revision2-MAL-110-WI.pdf
111,,297,289,0,586,last_page_3col,2026-FC-EROLLGEN-S11-80-SIR-FinalRoll-Revision2-MAL-111-WI.pdf
112,,297,314,0,611,page1_table,2026-FC-EROLLGEN-S11-80-SIR-FinalRoll-Revision2-MAL-112-WI.pdf
113,,446,521,0,967,page1_table,2026-FC-EROLLGEN-S11-80-SIR-FinalRoll-Revision2-MAL-113-WI.pdf
114,,253,295,0,548,page1_table,2026-FC-EROLLGEN-S11-80-SIR-FinalRoll-Revision2-MAL-114-WI.pdf
115,,249,262,0,511,last_page_3col,2026-FC-EROLLGEN-S11-80-SIR-FinalRoll-Revision2-MAL-115-WI.pdf
116,,313,321,0,634,page1_table,2026-FC-EROLLGEN-S11-80-SIR-FinalRoll-Revision2-MAL-116-WI.pdf
117,,275,294,0,569,last_page_3col,2026-FC-EROLLGEN-S11-80-SIR-FinalRoll-Revision2-MAL-117-WI.pdf
118,,291,329,0,620,page1_table,2026-FC-EROLLGEN-S11-80-SIR-FinalRoll-Revision2-MAL-118-WI.pdf
119,,232,285,0,517,last_page_3col,2026-FC-EROLLGEN-S11-80-SIR-FinalRoll-Revision2-MAL-119-WI.pdf
120,,202,230,0,432,last_page_3col,2026-FC-EROLLGEN-S11-80-SIR-FinalRoll-Revision2-MAL-120-WI.pdf
121,,196,242,0,438,last_page_3col,2026-FC-EROLLGEN-S11-80-SIR-FinalRoll-Revision2-MAL-121-WI.pdf
122,,2026,1,1,2026,last_page,2026-FC-EROLLGEN-S11-80-SIR-FinalRoll-Revision2-MAL-122-WI.pdf
123,,212,210,0,422,last_page_3col,2026-FC-EROLLGEN-S11-80-SIR-FinalRoll-Revision2-MAL-123-WI.pdf
124,,248,276,0,524,last_page_3col,2026-FC-EROLLGEN-S11-80-SIR-FinalRoll-Revision2-MAL-124-WI.pdf
125,,272,270,0,542,last_page_3col,2026-FC-EROLLGEN-S11-80-SIR-FinalRoll-Revision2-MAL-125-WI.pdf
126,,234,239,0,473,last_page_3col,2026-FC-EROLLGEN-S11-80-SIR-FinalRoll-Revision2-MAL-126-WI.pdf
127,,232,257,0,489,last_page_3col,2026-FC-EROLLGEN-S11-80-SIR-FinalRoll-Revision2-MAL-127-WI.pdf
128,,395,426,0,821,page1_table,2026-FC-EROLLGEN-S11-80-SIR-FinalRoll-Revision2-MAL-128-WI.pdf
129,,237,240,0,477,last_page_3col,2026-FC-EROLLGEN-S11-80-SIR-FinalRoll-Revision2-MAL-129-WI.pdf
130,,247,271,0,518,last_page_3col,2026-FC-EROLLGEN-S11-80-SIR-FinalRoll-Revision2-MAL-130-WI.pdf
131,,263,268,0,531,last_page_3col,2026-FC-EROLLGEN-S11-80-SIR-FinalRoll-Revision2-MAL-131-WI.pdf
132,,213,241,0,454,last_page_3col,2026-FC-EROLLGEN-S11-80-SIR-FinalRoll-Revision2-MAL-132-WI.pdf
133,,244,226,0,470,last_page_3col,2026-FC-EROLLGEN-S11-80-SIR-FinalRoll-Revision2-MAL-133-WI.pdf
134,,248,263,0,511,last_page_3col,2026-FC-EROLLGEN-S11-80-SIR-FinalRoll-Revision2-MAL-134-WI.pdf
135,,284,290,0,574,last_page_3col,2026-FC-EROLLGEN-S11-80-SIR-FinalRoll-Revision2-MAL-135-WI.pdf
136,,270,311,0,581,last_page_3col,2026-FC-EROLLGEN-S11-80-SIR-FinalRoll-Revision2-MAL-136-WI.pdf
137,,288,313,0,601,last_page_3col,2026-FC-EROLLGEN-S11-80-SIR-FinalRoll-Revision2-MAL-137-WI.pdf
138,,2026,1,1,2026,last_page,2026-FC-EROLLGEN-S11-80-SIR-FinalRoll-Revision2-MAL-138-WI.pdf
139,,279,261,0,540,last_page_3col,2026-FC-EROLLGEN-S11-80-SIR-FinalRoll-Revision2-MAL-139-WI.pdf
140,,254,270,0,524,last_page_3col,2026-FC-EROLLGEN-S11-80-SIR-FinalRoll-Revision2-MAL-140-WI.pdf
141,,264,280,0,544,last_page_3col,2026-FC-EROLLGEN-S11-80-SIR-FinalRoll-Revision2-MAL-141-WI.pdf
142,,240,275,0,515,last_page_3col,2026-FC-EROLLGEN-S11-80-SIR-FinalRoll-Revision2-MAL-142-WI.pdf
143,,0,2,34,34,last_page,2026-FC-EROLLGEN-S11-80-SIR-FinalRoll-Revision2-MAL-143-WI.pdf
144,,340,381,0,721,last_page_3col,2026-FC-EROLLGEN-S11-80-SIR-FinalRoll-Revision2-MAL-144-WI.pdf
145,,364,420,0,784,last_page_3col,2026-FC-EROLLGEN-S11-80-SIR-FinalRoll-Revision2-MAL-145-WI.pdf
146,,243,304,0,547,last_page_3col,2026-FC-EROLLGEN-S11-80-SIR-FinalRoll-Revision2-MAL-146-WI.pdf
147,,2026,1,1,2026,last_page,2026-FC-EROLLGEN-S11-80-SIR-FinalRoll-Revision2-MAL-147-WI.pdf
148,,224,258,0,482,last_page_3col,2026-FC-EROLLGEN-S11-80-SIR-FinalRoll-Revision2-MAL-148-WI.pdf
149,,250,238,0,488,last_page_3col,2026-FC-EROLLGEN-S11-80-SIR-FinalRoll-Revision2-MAL-149-WI.pdf
150,,233,248,0,481,last_page_3col,2026-FC-EROLLGEN-S11-80-SIR-FinalRoll-Revision2-MAL-150-WI.pdf
151,,236,267,0,503,last_page_3col,2026-FC-EROLLGEN-S11-80-SIR-FinalRoll-Revision2-MAL-151-WI.pdf
152,,229,249,0,478,last_page_3col,2026-FC-EROLLGEN-S11-80-SIR-FinalRoll-Revision2-MAL-152-WI.pdf
153,,229,254,0,483,last_page_3col,2026-FC-EROLLGEN-S11-80-SIR-FinalRoll-Revision2-MAL-153-WI.pdf
154,,282,284,0,566,last_page_3col,2026-FC-EROLLGEN-S11-80-SIR-FinalRoll-Revision2-MAL-154-WI.pdf
155,,2026,1,1,2026,last_page,2026-FC-EROLLGEN-S11-80-SIR-FinalRoll-Revision2-MAL-155-WI.pdf
156,,315,314,0,629,last_page_3col,2026-FC-EROLLGEN-S11-80-SIR-FinalRoll-Revision2-MAL-156-WI.pdf
157,,247,295,0,542,last_page_3col,2026-FC-EROLLGEN-S11-80-SIR-FinalRoll-Revision2-MAL-157-WI.pdf
158,,323,313,0,636,page1_table,2026-FC-EROLLGEN-S11-80-SIR-FinalRoll-Revision2-MAL-158-WI.pdf
159,,261,281,0,542,last_page_3col,2026-FC-EROLLGEN-S11-80-SIR-FinalRoll-Revision2-MAL-159-WI.pdf
160,,2026,1,1,2026,last_page,2026-FC-EROLLGEN-S11-80-SIR-FinalRoll-Revision2-MAL-160-WI.pdf
161,,290,254,0,544,last_page_3col,2026-FC-EROLLGEN-S11-80-SIR-FinalRoll-Revision2-MAL-161-WI.pdf
162,,245,288,0,533,last_page_3col,2026-FC-EROLLGEN-S11-80-SIR-FinalRoll-Revision2-MAL-162-WI.pdf
163,,293,293,0,586,last_page_3col,2026-FC-EROLLGEN-S11-80-SIR-FinalRoll-Revision2-MAL-163-WI.pdf
164,,268,304,0,572,last_page_3col,2026-FC-EROLLGEN-S11-80-SIR-FinalRoll-Revision2-MAL-164-WI.pdf
165,,308,309,0,617,last_page_3col,2026-FC-EROLLGEN-S11-80-SIR-FinalRoll-Revision2-MAL-165-WI.pdf
166,,255,283,0,538,last_page_3col,2026-FC-EROLLGEN-S11-80-SIR-FinalRoll-Revision2-MAL-166-WI.pdf
167,,278,312,0,590,last_page_3col,2026-FC-EROLLGEN-S11-80-SIR-FinalRoll-Revision2-MAL-167-WI.pdf
168,,265,280,0,545,last_page_3col,2026-FC-EROLLGEN-S11-80-SIR-FinalRoll-Revision2-MAL-168-WI.pdf
169,,333,388,0,721,last_page_3col,2026-FC-EROLLGEN-S11-80-SIR-FinalRoll-Revision2-MAL-169-WI.pdf
170,,355,394,0,749,last_page_3col,2026-FC-EROLLGEN-S11-80-SIR-FinalRoll-Revision2-MAL-170-WI.pdf
171,,429,397,0,826,page1_table,2026-FC-EROLLGEN-S11-80-SIR-FinalRoll-Revision2-MAL-171-WI.pdf
172,,501,470,0,971,page1_table,2026-FC-EROLLGEN-S11-80-SIR-FinalRoll-Revision2-MAL-172-WI.pdf
173,,257,273,0,530,last_page_3col,2026-FC-EROLLGEN-S11-80-SIR-FinalRoll-Revision2-MAL-173-WI.pdf
174,,232,236,0,468,last_page_3col,2026-FC-EROLLGEN-S11-80-SIR-FinalRoll-Revision2-MAL-174-WI.pdf
175,,313,314,0,627,last_page_3col,2026-FC-EROLLGEN-S11-80-SIR-FinalRoll-Revision2-MAL-175-WI.pdf
176,,310,324,0,634,last_page_3col,2026-FC-EROLLGEN-S11-80-SIR-FinalRoll-Revision2-MAL-176-WI.pdf
177,,270,275,0,545,last_page_3col,2026-FC-EROLLGEN-S11-80-SIR-FinalRoll-Revision2-MAL-177-WI.pdf
178,,245,227,0,472,last_page_3col,2026-FC-EROLLGEN-S11-80-SIR-FinalRoll-Revision2-MAL-178-WI.pdf
179,,2026,1,1,2026,last_page,2026-FC-EROLLGEN-S11-80-SIR-FinalRoll-Revision2-MAL-179-WI.pdf
180,,316,338,0,654,last_page_3col,2026-FC-EROLLGEN-S11-80-SIR-FinalRoll-Revision2-MAL-180-WI.pdf
181,,329,346,0,675,last_page_3col,2026-FC-EROLLGEN-S11-80-SIR-FinalRoll-Revision2-MAL-181-WI.pdf
182,,312,321,0,633,last_page_3col,2026-FC-EROLLGEN-S11-80-SIR-FinalRoll-Revision2-MAL-182-WI.pdf
183,,2026,1,1,2026,last_page,2026-FC-EROLLGEN-S11-80-SIR-FinalRoll-Revision2-MAL-183-WI.pdf
184,,0,2,34,34,last_page,2026-FC-EROLLGEN-S11-80-SIR-FinalRoll-Revision2-MAL-184-WI.pdf
185,,350,348,0,698,last_page_3col,2026-FC-EROLLGEN-S11-80-SIR-FinalRoll-Revision2-MAL-185-WI.pdf
186,,535,473,0,1008,page1_table,2026-FC-EROLLGEN-S11-80-SIR-FinalRoll-Revision2-MAL-186-WI.pdf
187,,571,535,0,1106,last_page_3col,2026-FC-EROLLGEN-S11-80-SIR-FinalRoll-Revision2-MAL-187-WI.pdf
188,,2026,1,1,2026,last_page,2026-FC-EROLLGEN-S11-80-SIR-FinalRoll-Revision2-MAL-188-WI.pdf
189,,337,327,0,664,page1_table,2026-FC-EROLLGEN-S11-80-SIR-FinalRoll-Revision2-MAL-189-WI.pdf
190,,310,314,0,624,last_page_3col,2026-FC-EROLLGEN-S11-80-SIR-FinalRoll-Revision2-MAL-190-WI.pdf
191,,267,265,0,532,last_page_3col,2026-FC-EROLLGEN-S11-80-SIR-FinalRoll-Revision2-MAL-191-WI.pdf
192,,0,2,43,43,last_page,2026-FC-EROLLGEN-S11-80-SIR-FinalRoll-Revision2-MAL-192-WI.pdf
193,,614,544,0,1158,page1_table,2026-FC-EROLLGEN-S11-80-SIR-FinalRoll-Revision2-MAL-193-WI.pdf
194,,371,378,0,749,page1_table,2026-FC-EROLLGEN-S11-80-SIR-FinalRoll-Revision2-MAL-194-WI.pdf
195,,514,521,0,1035,page1_table,2026-FC-EROLLGEN-S11-80-SIR-FinalRoll-Revision2-MAL-195-WI.pdf
196,,313,290,0,603,page1_table,2026-FC-EROLLGEN-S11-80-SIR-FinalRoll-Revision2-MAL-196-WI.pdf
197,,301,313,0,614,page1_table,2026-FC-EROLLGEN-S11-80-SIR-FinalRoll-Revision2-MAL-197-WI.pdf
198,,484,507,0,991,last_page_3col,2026-FC-EROLLGEN-S11-80-SIR-FinalRoll-Revision2-MAL-198-WI.pdf
199,,503,507,0,1010,last_page_3col,2026-FC-EROLLGEN-S11-80-SIR-FinalRoll-Revision2-MAL-199-WI.pdf
200,,420,428,0,848,last_page_3col,2026-FC-EROLLGEN-S11-80-SIR-FinalRoll-Revision2-MAL-200-WI.pdf
201,,292,348,0,640,page1_table,2026-FC-EROLLGEN-S11-80-SIR-FinalRoll-Revision2-MAL-201-WI.pdf
202,,309,270,0,579,last_page_3col,2026-FC-EROLLGEN-S11-80-SIR-FinalRoll-Revision2-MAL-202-WI.pdf
203,,388,388,0,776,page1_table,2026-FC-EROLLGEN-S11-80-SIR-FinalRoll-Revision2-MAL-203-WI.pdf
204,,296,277,0,573,last_page_3col,2026-FC-EROLLGEN-S11-80-SIR-FinalRoll-Revision2-MAL-204-WI.pdf
205,,262,285,0,547,last_page_3col,2026-FC-EROLLGEN-S11-80-SIR-FinalRoll-Revision2-MAL-205-WI.pdf
206,,316,269,0,585,last_page_3col,2026-FC-EROLLGEN-S11-80-SIR-FinalRoll-Revision2-MAL-206-WI.pdf
207,,305,284,0,589,last_page_3col,2026-FC-EROLLGEN-S11-80-SIR-FinalRoll-Revision2-MAL-207-WI.pdf
208,,303,296,0,599,last_page_3col,2026-FC-EROLLGEN-S11-80-SIR-FinalRoll-Revision2-MAL-208-WI.pdf
209,,361,358,0,719,page1_table,2026-FC-EROLLGEN-S11-80-SIR-FinalRoll-Revision2-MAL-209-WI.pdf
210,,258,273,0,531,last_page_3col,2026-FC-EROLLGEN-S11-80-SIR-FinalRoll-Revision2-MAL-210-WI.pdf
211,,279,276,0,555,last_page_3col,2026-FC-EROLLGEN-S11-80-SIR-FinalRoll-Revision2-MAL-211-WI.pdf
212,,238,315,0,553,last_page_3col,2026-FC-EROLLGEN-S11-80-SIR-FinalRoll-Revision2-MAL-212-WI.pdf
213,,288,270,0,558,last_page_3col,2026-FC-EROLLGEN-S11-80-SIR-FinalRoll-Revision2-MAL-213-WI.pdf
214,,507,523,0,1030,last_page_3col,2026-FC-EROLLGEN-S11-80-SIR-FinalRoll-Revision2-MAL-214-WI.pdf
215,,413,421,0,834,last_page_3col,2026-FC-EROLLGEN-S11-80-SIR-FinalRoll-Revision2-MAL-215-WI.pdf
216,,274,292,0,566,last_page_3col,2026-FC-EROLLGEN-S11-80-SIR-FinalRoll-Revision2-MAL-216-WI.pdf
217,,297,272,0,569,last_page_3col,2026-FC-EROLLGEN-S11-80-SIR-FinalRoll-Revision2-MAL-217-WI.pdf
218,,344,373,0,717,page1_table,2026-FC-EROLLGEN-S11-80-SIR-FinalRoll-Revision2-MAL-218-WI.pdf
219,,321,326,0,647,last_page_3col,2026-FC-EROLLGEN-S11-80-SIR-FinalRoll-Revision2-MAL-219-WI.pdf
220,,276,320,0,596,last_page_3col,2026-FC-EROLLGEN-S11-80-SIR-FinalRoll-Revision2-MAL-220-WI.pdf
221,,295,300,0,595,page1_table,2026-FC-EROLLGEN-S11-80-SIR-FinalRoll-Revision2-MAL-221-WI.pdf
222,,335,317,0,652,last_page_3col,2026-FC-EROLLGEN-S11-80-SIR-FinalRoll-Revision2-MAL-222-WI.pdf
223,,305,326,0,631,page1_table,2026-FC-EROLLGEN-S11-80-SIR-FinalRoll-Revision2-MAL-223-WI.pdf
224,,313,364,0,677,last_page_3col,2026-FC-EROLLGEN-S11-80-SIR-FinalRoll-Revision2-MAL-224-WI.pdf
225,,358,355,0,713,page1_table,2026-FC-EROLLGEN-S11-80-SIR-FinalRoll-Revision2-MAL-225-WI.pdf
226,,296,297,0,593,last_page_3col,2026-FC-EROLLGEN-S11-80-SIR-FinalRoll-Revision2-MAL-226-WI.pdf
227,,320,313,0,633,page1_table,2026-FC-EROLLGEN-S11-80-SIR-FinalRoll-Revision2-MAL-227-WI.pdf
228,,324,323,0,647,last_page_3col,2026-FC-EROLLGEN-S11-80-SIR-FinalRoll-Revision2-MAL-228-WI.pdf
229,,300,320,0,620,last_page_3col,2026-FC-EROLLGEN-S11-80-SIR-FinalRoll-Revision2-MAL-229-WI.pdf
230,,431,423,0,854,page1_table,2026-FC-EROLLGEN-S11-80-SIR-FinalRoll-Revision2-MAL-230-WI.pdf
231,,306,367,0,673,page1_table,2026-FC-EROLLGEN-S11-80-SIR-FinalRoll-Revision2-MAL-231-WI.pdf
232,,309,311,0,620,last_page_3col,2026-FC-EROLLGEN-S11-80-SIR-FinalRoll-Revision2-MAL-232-WI.pdf
233,,478,466,0,944,page1_table,2026-FC-EROLLGEN-S11-80-SIR-FinalRoll-Revision2-MAL-233-WI.pdf
234,,254,301,0,555,last_page_3col,2026-FC-EROLLGEN-S11-80-SIR-FinalRoll-Revision2-MAL-234-WI.pdf
235,,281,277,0,558,last_page_3col,2026-FC-EROLLGEN-S11-80-SIR-FinalRoll-Revision2-MAL-235-WI.pdf
236,,254,261,0,515,last_page_3col,2026-FC-EROLLGEN-S11-80-SIR-FinalRoll-Revision2-MAL-236-WI.pdf
237,,254,288,0,542,last_page_3col,2026-FC-EROLLGEN-S11-80-SIR-FinalRoll-Revision2-MAL-237-WI.pdf
238,,532,549,0,1081,last_page_3col,2026-FC-EROLLGEN-S11-80-SIR-FinalRoll-Revision2-MAL-238-WI.pdf
239,,476,511,0,987,last_page_3col,2026-FC-EROLLGEN-S11-80-SIR-FinalRoll-Revision2-MAL-239-WI.pdf
240,,257,297,0,554,last_page_3col,2026-FC-EROLLGEN-S11-80-SIR-FinalRoll-Revision2-MAL-240-WI.pdf
