Booth,Location,Zone,Type,Anti_Inc_to_UDF,T20_to_UDF,T20_Float_to_UDF,Genuine_UDF,Turnout_to_UDF,Total_UDF_Swing,UDF_2021,Projected_UDF_2026
117,St Joseph LPS N Portion,Chellanam,D,276,124,25,203,0,628,230,858
128,Exodus Public School W,Chellanam,D,66,170,34,232,67,569,140,709
123,St Mary HS Mid SE Bldg,Chellanam,D,199,105,21,241,0,566,253,819
57,MMOHS Panayappilly N W,Chullickal,C,200,4,0,330,20,554,305,859
121,St Mary HS Mid Main,Chellanam,D,155,124,25,240,0,544,251,795
33,Gujarati Vidhyalaya HSS NW,Fort Kochi,C,225,6,1,310,0,542,311,853
116,St Joseph LPS Mid Cheriyakadavu,Chellanam,D,204,108,22,197,0,531,256,787
56,MMOHS Panayappilly W,Chullickal,C,211,4,1,310,0,526,293,819
136,St George LPS W Mid Main,Chellanam,D,210,92,18,195,0,515,299,814
60,MMOHS Mid W,Chullickal,C,230,4,0,278,0,512,342,854
21,Pallathu Raman Memorial E Block,Fort Kochi,C,190,29,6,286,0,511,285,796
29,MASSLPS Eastern Hall,Fort Kochi,F,216,4,1,286,0,507,233,740
35,Kochi Gujarathi UPS N,Fort Kochi,C,220,6,2,275,0,503,346,849
31,MASSLPS Sulaiman Master Hall,Fort Kochi,C,190,5,1,298,7,501,280,781
13,Central Kalvathy HS E,Fort Kochi,F,185,0,0,292,17,494,297,791
10,Central Kalvathy LP School W,Fort Kochi,C,193,8,1,279,0,481,280,761
30,MASSLPS Second Room N Block,Fort Kochi,C,172,4,1,286,17,480,235,715
126,Govt HSS Mid Central,Chellanam,D,78,121,24,199,46,468,172,640
27,Anganvady No 41,Fort Kochi,C,189,2,1,274,0,466,247,713
104,St Louis HS NW New Bldg,Kumbalangi,C,185,30,6,245,0,466,205,671
22,Pallathu Raman Memorial S Block,Fort Kochi,C,206,33,6,217,0,462,326,788
3,Women Dev Corp Training Centre,Fort Kochi,C,166,6,1,271,10,454,305,759
38,Haji Easa Moosa HS E,Fort Kochi,F,204,0,0,250,0,454,238,692
115,St Joseph LPS S End,Chellanam,D,132,111,22,185,0,450,228,678
76,Our Lady GLPS W Block N,Chullickal,C,243,26,6,174,0,449,349,798
40,TD Girls LPS N New Block,Fort Kochi,C,169,14,3,259,0,445,252,697
124,Govt HSS N Tsunami,Chellanam,D,64,137,27,162,52,442,169,611
135,St George LPS S Chellanam,Chellanam,D,150,101,20,168,0,439,260,699
47,Govt Girls LPS N West Block,Fort Kochi,C,172,5,1,255,0,433,210,643
103,St Louis LPS Mid Portion,Kumbalangi,A,125,63,13,232,0,433,326,759
90,Loretto AILPS S Block E,Chullickal,C,196,30,6,199,0,431,286,717
11,Central Kalvathy LP School N,Fort Kochi,C,172,5,1,251,0,429,221,650
12,Central Kalvathy LP School E,Fort Kochi,F,145,0,0,254,28,427,212,639
79,Chaithanya Sunday School S,Chullickal,B,181,31,6,207,0,425,397,822
108,St Louis HS 2nd E Mundamveli,Kumbalangi,B,155,39,8,216,0,418,344,762
28,MASSLPS E South Block,Fort Kochi,F,172,4,0,239,0,415,225,640
80,Chaithanya Sunday School N,Chullickal,A,174,37,8,180,0,399,365,764
45,Govt Girls HS LP W South,Fort Kochi,C,183,6,2,204,0,395,288,683
61,MMOHS N Portion W,Chullickal,C,165,2,0,228,0,395,224,619
114,St Joseph Girls UPS NE Main,Kumbalangi,C,139,41,8,206,0,394,307,701
113,St Joseph Girls UPS NW Main,Kumbalangi,B,107,70,14,199,0,390,319,709
139,St Joseph LPS W Main,Kumbalangi,C,146,48,9,187,0,390,273,663
106,St Louis HS 2nd W,Kumbalangi,A,134,49,10,191,0,384,355,739
23,EMGHS Veli Fortkochi W HS,Fort Kochi,C,153,34,6,189,0,382,268,650
62,MMOHS S Portion W,Chullickal,C,168,2,0,204,0,374,233,607
100,SDPY LPS N Side Main,Chullickal,C,156,24,5,184,0,369,276,645
68,St Joseph HS Chullickal Mid SE,Chullickal,B,172,26,5,161,0,364,301,665
132,St Mary LPS NW Bldg,Chellanam,D,141,59,12,152,0,364,207,571
48,Govt Girls LPS S West Block,Fort Kochi,C,156,5,1,201,0,363,238,601
72,St Joseph HS Chullickal Mid SW,Chullickal,B,179,17,4,162,0,362,355,717
73,OLCGHS Main Block 2nd Mid W,Chullickal,C,176,21,4,161,0,362,250,612
26,EMGHS Veli Fortkochi UP School,Fort Kochi,C,158,28,6,166,0,358,240,598
55,Cochin College BioTech Mid,Chullickal,C,166,11,2,179,0,358,263,621
98,SVDLPS E Portion N Bldg,Chullickal,C,157,26,5,170,0,358,252,610
75,OLCGHS Main Block S End E,Chullickal,A,171,18,4,164,0,357,334,691
85,St Sebastian HSS LP 2nd W,Chullickal,B,158,29,6,164,0,357,276,633
107,St Louis HS Mid Portion,Kumbalangi,B,146,46,9,154,0,355,330,685
92,Loretto AIHS New Block 1W,Chullickal,B,141,42,8,159,0,350,331,681
147,St Peter HSS NW Bldg,Kumbalangi,A,96,52,10,191,0,349,486,835
74,OLCGHS Main Block E Portion,Chullickal,A,167,11,2,167,0,347,387,734
67,St Joseph HS Chullickal 3rd,Chullickal,B,145,29,6,163,0,343,304,647
69,St Joseph HS Chullickal 2W SE,Chullickal,C,165,24,4,150,0,343,286,629
105,St Louis HS W New Bldg,Kumbalangi,B,126,42,8,167,0,343,308,651
122,St Mary HS E N Bldg,Chellanam,B,65,70,14,191,0,340,234,574
88,St Thomas LPS Mid Main,Chullickal,C,150,17,4,168,0,339,239,578
112,St Michael LPS S Bldg,Kumbalangi,A,80,55,11,193,0,339,260,599
125,Govt HSS S Tsunami Puthenthode,Chellanam,B,80,59,12,188,0,339,259,598
120,St Anthony LPS E Main,Chellanam,D,94,90,18,135,1,338,234,572
91,Loretto AIHS New Block 2E,Chullickal,B,144,40,8,145,0,337,347,684
94,St Anthony LPS N S Block,Chullickal,C,153,20,4,160,0,337,245,582
32,Aasia Bai HSS Middle W,Fort Kochi,B,152,12,2,170,0,336,338,674
59,MMOHS W South Block,Chullickal,C,139,2,0,192,0,333,197,530
83,St Sebastian HSS W N Bldg,Chullickal,C,169,18,3,143,0,333,289,622
78,St Jacob School Nazreth W,Chullickal,B,149,26,6,150,0,331,310,641
36,Haji Easa Moosa HS Mid,Fort Kochi,C,150,3,1,175,0,329,171,500
93,St Anthony LPS E S Block,Chullickal,B,127,24,4,171,0,326,217,543
81,St Sebastian HSS W LP,Chullickal,C,151,18,4,152,0,325,284,609
63,Corp Library Panayapilly,Chullickal,C,150,6,2,166,0,324,274,598
6,Santa Cruz LP School Fort Kochi,Fort Kochi,B,137,18,4,164,0,323,292,615
70,St Joseph HS Chullickal W SE,Chullickal,B,151,19,4,148,0,322,312,634
7,Santa Cruz HS Middle Block,Fort Kochi,B,119,32,6,161,0,318,265,583
143,Village Office Kumbalangi,Kumbalangi,B,123,37,8,147,0,315,328,643
58,MMOHS E Portion S Block,Chullickal,C,158,10,2,144,0,314,243,557
64,GHS Panayappilly KG E,Chullickal,C,155,9,2,148,0,314,223,537
66,St Joseph HS Chullickal SE E,Chullickal,B,132,18,4,160,0,314,263,577
19,GUPS North Portion Main Block,Fort Kochi,B,127,33,7,146,0,313,245,558
16,GUPS Amaravathy Mid Block,Fort Kochi,C,177,25,5,104,0,311,235,546
151,Govt UPS Kumbalangi N,Kumbalangi,B,125,48,10,127,0,310,403,713
157,St George UPS SW Bldg,Kumbalangi,A,130,41,8,129,0,308,388,696
89,Loretto AILPS S Block W,Chullickal,A,132,36,7,131,0,306,358,664
119,St Anthony LPS W Main,Chellanam,D,71,70,14,122,27,304,167,471
24,Edward Memorial GLPS N,Fort Kochi,B,120,16,3,163,0,302,193,495
134,Village Office Chellanam N,Chellanam,D,97,70,14,117,0,298,161,459
140,St Joseph LPS Mid Main Kumbalangi,Kumbalangi,A,97,39,8,152,0,296,361,657
25,Edward Memorial GLPS S,Fort Kochi,C,120,20,4,150,0,294,208,502
99,SVDLPS W Portion N Bldg,Chullickal,C,137,23,4,129,0,293,282,575
95,St Anthony LPS Mid S Bldg,Chullickal,C,108,24,4,155,0,291,185,476
84,St Sebastian HSS E N Bldg,Chullickal,B,146,26,5,113,0,290,280,570
17,GUPS Amaravathy SW Room S Block,Fort Kochi,B,153,27,6,98,0,284,332,616
146,St Peter HSS SW Bldg,Kumbalangi,A,103,52,10,119,0,284,408,692
129,Exodus Public School E,Chellanam,D,113,68,14,82,0,277,253,530
144,VPYLPS Mid Main Illickal,Kumbalangi,B,121,43,9,99,0,272,396,668
20,GUPS Southern Portion Main Block,Fort Kochi,C,120,30,6,114,0,270,201,471
18,GUPS Last Room E S Block,Fort Kochi,A,84,19,4,160,0,267,214,481
9,St John DBritto AIBHS S,Fort Kochi,C,108,18,4,134,0,264,161,425
77,St Jacob School Nazreth E,Chullickal,B,109,21,4,130,0,264,205,469
82,St Sebastian HSS E LP,Chullickal,B,130,18,4,111,0,263,270,533
154,St George LPS S Main Kumbalangi,Kumbalangi,C,136,36,7,84,0,263,288,551
71,St Joseph HS Chullickal E SW,Chullickal,B,129,14,3,116,0,262,284,546
110,St Louis HS NE Portion,Kumbalangi,B,112,17,4,114,0,247,230,477
54,Cochin College BioTech E,Chullickal,B,124,17,4,101,0,246,249,495
8,St John DBritto AIBHS N,Fort Kochi,C,101,16,4,120,0,241,154,395
53,Cochin College BioTech W,Chullickal,B,114,18,4,105,0,241,203,444
111,St Michael LPS N Bldg,Kumbalangi,A,40,58,12,130,0,240,272,512
109,St Louis HS E Portion,Kumbalangi,B,79,24,5,128,0,236,201,437
148,St Peter HSS Mid N Bldg,Kumbalangi,B,97,39,8,90,0,234,387,621
141,St Joseph LPS E Main Kumbalangi,Kumbalangi,B,80,34,6,112,0,232,291,523
34,Gujarati Vidhyalaya HSS SW,Fort Kochi Mattancherry,E,134,0,0,97,0,231,117,348
4,Santa Cruz HS NE Block,Fort Kochi,A,64,20,4,140,0,228,182,410
87,St Thomas LPS N Side Main,Chullickal,C,118,11,2,96,0,227,244,471
152,Govt UPS Mid N Bldg,Kumbalangi,B,76,35,7,109,0,227,250,477
149,OLFGHS E Main Bldg,Kumbalangi,A,66,38,8,114,0,226,439,665
46,Govt Girls HS LP E South,Fort Kochi Mattancherry,E,190,0,0,35,0,225,175,400
14,LG Pai Memorial Library W,Fort Kochi Mattancherry,E,175,0,0,49,0,224,137,361
137,St George LPS W Main,Chellanam,B,48,50,10,116,0,224,208,432
65,GHS Panayappilly KG W,Chullickal,B,113,11,2,96,0,222,220,442
97,SVDLPS N Portion Main,Chullickal,C,122,21,4,73,0,220,266,486
41,TD High School W End S,Fort Kochi Mattancherry,E,114,0,0,105,0,219,139,358
145,St Peter HSS Mid Main Bldg,Kumbalangi,A,106,28,5,78,0,217,277,494
153,St George LPS N Main Kumbalangi,Kumbalangi,A,84,44,9,80,0,217,338,555
133,Village Office Chellanam S,Chellanam,B,55,58,12,89,0,214,288,502
15,Govt UPS Amaravathy N,Fort Kochi Mattancherry,E,161,0,0,48,0,209,144,353
39,TD Girls LPS S New Block,Fort Kochi Mattancherry,E,173,0,0,34,0,207,177,384
96,SVDLPS S Portion Main,Chullickal,C,115,14,3,70,0,202,178,380
1,Our Lady of Hope School,Fort Kochi,A,72,8,1,120,0,201,179,380
131,St Mary HS E Portion Main,Chellanam,B,45,52,10,94,0,201,263,464
130,St Mary HS N Room E Bldg,Chellanam,B,34,68,14,82,0,198,253,451
51,TDLPS N Portion E Block,Chullickal,B,100,21,4,65,0,190,230,420
142,St Joseph LPS W Main Kumbalangi N,Kumbalangi,B,87,27,6,64,0,184,247,431
150,Govt UPS Mid Main Bldg,Kumbalangi,A,66,33,6,78,0,183,311,494
5,Santa Cruz HS W Block,Fort Kochi,A,79,18,3,81,0,181,232,413
86,St Thomas LPS E N Bldg,Chullickal,B,94,20,4,61,0,179,246,425
156,St George LPS Annex Mid,Kumbalangi,A,63,36,7,67,0,173,306,479
50,TD Teacher Training N Hall,Fort Kochi Mattancherry,E,121,0,0,48,0,169,140,309
155,St George UPS NW Bldg,Kumbalangi,A,57,39,8,60,0,164,358,522
127,Chellanam Panchayat Office,Chellanam,B,24,49,10,62,0,145,162,307
52,TDLPS S Portion E Block,Chullickal,B,88,8,2,32,0,130,200,330
101,SDPY HSS N Side Main,Chullickal,B,58,14,3,48,0,123,164,287
138,Leo English Medium School,Chellanam,B,18,28,6,69,0,121,170,291
37,Haji Easa Moosa HS N,Fort Kochi Mattancherry,E,88,0,0,29,0,117,149,266
102,SDPY HSS Mid Main,Chullickal,C,73,8,2,33,0,116,133,249
43,TD High School S Blk 4E,Fort Kochi Mattancherry,E,87,0,0,26,0,113,137,250
44,TD High School S Blk 5E,Fort Kochi Mattancherry,E,67,0,0,39,0,106,130,236
42,TD High School S Blk 4W,Fort Kochi Mattancherry,E,65,0,0,23,0,88,108,196
49,TD Teacher Training S Hall,Fort Kochi Mattancherry,E,53,0,0,0,1,54,94,148
118,Chinmaya Vidyalaya Kalathara,Chellanam,B,8,14,3,11,0,36,45,81
2,Temporary Shed Ramanthuruthu,Fort Kochi,A,1,0,0,1,0,2,11,13
