local_body,ward,votes_2025,LDF_share_2025,UDF_share_2025,NDA_share_2025,winner_2025,LDF_swing,UDF_swing,NDA_swing
Kadungalloor,WEST KADUNGALLOOR NORTH,781,0.0,100.0,0.0,UDF,,,
Kadungalloor,VALANJAMBALAM,353,0.0,100.0,0.0,UDF,,,
Kadungalloor,KADAYAPPILLY,962,0.0,100.0,0.0,UDF,0.0,0.0,0.0
Kadungalloor,KANIYAMKUNNU,497,100.0,0.0,0.0,LDF,,,
Kadungalloor,EAST KADUNGALLOOR EAST,397,0.0,0.0,0.0,LDF,0.0,0.0,-100.0
Kadungalloor,ELOOKKARA NORTH,528,0.0,100.0,0.0,UDF,0.0,0.0,0.0
Kadungalloor,KUNJUNNIKKARA,977,100.0,0.0,0.0,LDF,100.0,0.0,0.0
Kadungalloor,ULIYANNOOR,643,0.0,100.0,0.0,UDF,0.0,100.0,0.0
Kadungalloor,EAST KADUNGALLOOR,615,0.0,0.0,0.0,LDF,,,
Kadungalloor,WEST KADUNGALLOOR CENTRAL,465,0.0,100.0,0.0,UDF,0.0,0.0,0.0
Kadungalloor,PEEDIKAPADI,403,0.0,0.0,100.0,NDA,,,
Kadungalloor,ELOOKKARA,570,0.0,100.0,0.0,UDF,0.0,100.0,0.0
Kadungalloor,MUPPATHADAM NORTH,597,0.0,0.0,0.0,LDF,,,
Kadungalloor,MUPPATAHADAM CENTRAL,566,0.0,100.0,0.0,UDF,,,
Kadungalloor,KAYANTIKKARA,857,0.0,100.0,0.0,UDF,0.0,0.0,0.0
Kadungalloor,MUPPATHDAM EAST,584,100.0,0.0,0.0,LDF,,,
Kadungalloor,KAYANTIKKARA SOUTH,547,100.0,0.0,0.0,LDF,0.0,0.0,0.0
Kadungalloor,MUPPATHADAM SOUTH,563,100.0,0.0,0.0,LDF,,,
Kadungalloor,MUPPATHADAM WEST,303,0.0,100.0,0.0,UDF,0.0,0.0,0.0
Kadungalloor,EDAYAR,573,0.0,100.0,0.0,UDF,0.0,100.0,-100.0
Kadungalloor,ERAMAM SOUTH,378,0.0,0.0,0.0,LDF,-100.0,0.0,0.0
Kadungalloor,ERAMAM CENTRAL,544,100.0,0.0,0.0,LDF,,,
Kadungalloor,ERAMAM NORTH,584,0.0,100.0,0.0,UDF,-100.0,100.0,0.0
Kadungalloor,WEST KADUNGALLOOR SOUTH,645,0.0,100.0,0.0,UDF,0.0,0.0,0.0
Aluva,MANGALAPPUZHA SEMINARI,258,0.0,100.0,0.0,UDF,0.0,100.0,0.0
Aluva,GURUMANDIRAM,263,0.0,100.0,0.0,UDF,0.0,0.0,0.0
Aluva,DESAM KADAVU,331,100.0,0.0,0.0,LDF,0.0,0.0,0.0
Aluva,MANA,264,0.0,0.0,100.0,NDA,0.0,0.0,0.0
Aluva,MANAPPURAM,261,100.0,0.0,0.0,LDF,0.0,0.0,0.0
Aluva,GANAPATHY TEMPLE,244,0.0,100.0,0.0,UDF,0.0,0.0,0.0
Aluva,ST ANS CHURCH,254,0.0,100.0,0.0,UDF,0.0,0.0,0.0
Aluva,KADATHUKADAVU,150,0.0,100.0,0.0,UDF,0.0,100.0,0.0
Aluva,PALACE,120,0.0,0.0,100.0,NDA,0.0,-100.0,100.0
Aluva,LIBRARY,148,0.0,0.0,100.0,NDA,0.0,0.0,0.0
Aluva,OOMANKUZHITHADAM,175,0.0,0.0,100.0,NDA,0.0,0.0,0.0
Aluva,MUNICIPAL OFFICE,176,0.0,0.0,0.0,LDF,0.0,0.0,0.0
Aluva,MADRASSA,400,0.0,100.0,0.0,UDF,0.0,0.0,0.0
Aluva,ASHAN COLONY,192,0.0,100.0,0.0,UDF,0.0,0.0,0.0
Aluva,TREASURY,243,0.0,100.0,0.0,UDF,0.0,0.0,0.0
Aluva,SNEHALAYAM,239,0.0,100.0,0.0,UDF,0.0,0.0,0.0
Aluva,MADHAVAPURAM,345,0.0,100.0,0.0,UDF,0.0,100.0,0.0
Aluva,NASRATH,248,0.0,100.0,0.0,UDF,0.0,0.0,0.0
Aluva,THRIKKUNNATH,269,0.0,0.0,0.0,LDF,0.0,-100.0,0.0
Aluva,THALUK HOSPITAL,285,0.0,100.0,0.0,UDF,0.0,0.0,0.0
Aluva,SASTHA TEMPLE,332,0.0,100.0,0.0,UDF,0.0,100.0,-100.0
Aluva,PULINCHODU,151,0.0,100.0,0.0,UDF,0.0,0.0,0.0
Aluva,MARKET,220,0.0,100.0,0.0,UDF,0.0,0.0,0.0
Aluva,PRIYADARSHINI,339,0.0,0.0,0.0,LDF,0.0,0.0,0.0
Aluva,CANAL,394,0.0,0.0,0.0,LDF,0.0,0.0,0.0
Aluva,THANDIKKAL,326,0.0,100.0,0.0,UDF,0.0,0.0,0.0
Kalamassery,GLASS COLONY,512,100.0,0.0,0.0,LDF,0.0,0.0,0.0
Kalamassery,SANTHINAGAR ANNEX,663,0.0,100.0,0.0,UDF,0.0,0.0,0.0
Kalamassery,RAJAGIRI,433,0.0,100.0,0.0,UDF,0.0,0.0,0.0
Kalamassery,SUNDHARAGIRI,613,100.0,0.0,0.0,LDF,100.0,0.0,0.0
Kalamassery,NORTH KALAMASSERY,459,100.0,0.0,0.0,LDF,0.0,0.0,0.0
Kalamassery,H M T JUNCTION,359,0.0,0.0,0.0,LDF,0.0,0.0,0.0
Kalamassery,SUB STATION,354,0.0,0.0,0.0,LDF,-100.0,0.0,0.0
Kalamassery,ROCKWELL,650,100.0,0.0,0.0,LDF,0.0,0.0,0.0
Kalamassery,VIDAKKUZHA,719,0.0,100.0,0.0,UDF,0.0,0.0,0.0
Kalamassery,PERINGAZHA,524,0.0,100.0,0.0,UDF,-100.0,100.0,0.0
Kalamassery,PIPELINE,581,0.0,0.0,0.0,LDF,0.0,0.0,0.0
Kalamassery,H M T ESTATE,398,0.0,100.0,0.0,UDF,0.0,0.0,0.0
Kalamassery,KURUPRA,733,0.0,100.0,0.0,UDF,0.0,100.0,0.0
Kalamassery,MEDICAL COLLEGE,283,100.0,0.0,0.0,LDF,0.0,0.0,0.0
Kalamassery,THEVAKKAL,567,0.0,100.0,0.0,UDF,-100.0,100.0,0.0
Kalamassery,PARAKKATTUMALA,386,100.0,0.0,0.0,LDF,0.0,0.0,0.0
Kalamassery,PULIYAMPURAM,657,100.0,0.0,0.0,LDF,0.0,0.0,0.0
Kalamassery,MINI TOWN HALL,434,0.0,100.0,0.0,UDF,0.0,100.0,0.0
Kalamassery,KANGARAPPADY,547,0.0,100.0,0.0,UDF,-100.0,100.0,0.0
Kalamassery,STADIUM,531,100.0,0.0,0.0,LDF,,,
Kalamassery,VADAKODU,458,0.0,0.0,0.0,LDF,0.0,-100.0,0.0
Kalamassery,CUSAT SEAPORT AIRPORT ROAD,534,0.0,100.0,0.0,UDF,,,
Kalamassery,UNIVERSITY COLONY,457,0.0,100.0,0.0,UDF,0.0,0.0,0.0
Kalamassery,CUSAT ENGINEERING COLLEGE CAMPUS,334,0.0,100.0,0.0,UDF,,,
Kalamassery,ST JOSEPHS,607,0.0,100.0,0.0,UDF,0.0,100.0,0.0
Kalamassery,TOWN HALL,376,0.0,100.0,0.0,UDF,0.0,0.0,0.0
Kalamassery,CHANGAMPUZHA NAGAR,333,0.0,0.0,0.0,LDF,0.0,-100.0,0.0
Kalamassery,UNIVERSITY,744,0.0,100.0,0.0,UDF,0.0,0.0,0.0
Kalamassery,THRIKKAKKARA AMBALAM,375,0.0,0.0,100.0,NDA,0.0,0.0,0.0
Kalamassery,KANNAMKULAM,604,0.0,100.0,0.0,UDF,0.0,0.0,0.0
Kalamassery,HILLVALLEY,440,0.0,100.0,0.0,UDF,0.0,100.0,0.0
Kalamassery,MANATHUPADAM,506,0.0,100.0,0.0,UDF,,,
Kalamassery,LIBRARY,542,0.0,100.0,0.0,UDF,-100.0,100.0,0.0
Kalamassery,UNICHIRA,385,100.0,0.0,0.0,LDF,100.0,-100.0,0.0
Kalamassery,PUTHIPPALLIPRAM,368,0.0,100.0,0.0,UDF,-100.0,100.0,0.0
Kalamassery,PARUTHELI,387,0.0,100.0,0.0,UDF,0.0,0.0,0.0
Kalamassery,TOLLGATE,512,0.0,0.0,0.0,LDF,0.0,0.0,0.0
Kalamassery,KUNAMTHAI,542,0.0,100.0,0.0,UDF,0.0,0.0,0.0
Kalamassery,MUSIUM,506,100.0,0.0,0.0,LDF,100.0,-100.0,0.0
Kalamassery,VATTEKKUNNAM,247,0.0,100.0,0.0,UDF,0.0,0.0,0.0
Kalamassery,MUTTAR,669,0.0,100.0,0.0,UDF,0.0,0.0,0.0
Kalamassery,PUNCHATHODU,734,0.0,100.0,0.0,UDF,,,
Kalamassery,K B PARK,523,0.0,100.0,0.0,UDF,0.0,0.0,0.0
Kalamassery,MUNICIPAL,324,0.0,100.0,0.0,UDF,0.0,100.0,0.0
Kalamassery,INDUSTRIAL ESTATE,643,0.0,100.0,0.0,UDF,-100.0,100.0,0.0
Kalamassery,CHAKYADAM,333,100.0,0.0,0.0,LDF,100.0,-100.0,0.0
Thrikkakara,MAROTTICHUVADU,458,0.0,0.0,0.0,LDF,0.0,0.0,0.0
Thrikkakara,THOPPIL NORTH,988,0.0,100.0,0.0,UDF,0.0,0.0,0.0
Thrikkakara,KARIMAKKAD,670,100.0,0.0,0.0,LDF,,,
Thrikkakara,THRIKKAKARA,402,0.0,100.0,0.0,UDF,0.0,0.0,0.0
Thrikkakara,KARUNALAYAM,789,100.0,0.0,0.0,LDF,,,
Thrikkakara,NAVODHAYA,484,0.0,100.0,0.0,UDF,-100.0,100.0,0.0
Thrikkakara,VALYATTUMUGAL,520,100.0,0.0,0.0,LDF,,,
Thrikkakara,THENGODU,432,100.0,0.0,0.0,LDF,0.0,0.0,0.0
Thrikkakara,THALAKKOTTUMOOLA,466,0.0,100.0,0.0,UDF,,,
Thrikkakara,EDACHIRA,367,0.0,100.0,0.0,UDF,0.0,100.0,0.0
Thrikkakara,RAJAGIRIVALLEY,202,0.0,100.0,0.0,UDF,,,
Thrikkakara,KANNANKERI,622,0.0,100.0,0.0,UDF,,,
Thrikkakara,THUTHIYOOR,635,0.0,100.0,0.0,UDF,0.0,0.0,0.0
Thrikkakara,KUNNATHUCHIRA,467,100.0,0.0,0.0,LDF,0.0,0.0,0.0
Thrikkakara,PALACHUVADU,664,0.0,100.0,0.0,UDF,0.0,0.0,0.0
Thrikkakara,OLIKKUZHI,957,100.0,0.0,0.0,LDF,0.0,0.0,0.0
Thrikkakara,VAZHAKKALA WEST,307,0.0,0.0,0.0,LDF,0.0,-100.0,0.0
Thrikkakara,VAZHAKKALA EAST,414,100.0,0.0,0.0,LDF,0.0,0.0,0.0
Thrikkakara,KAMBIVELI,705,100.0,0.0,0.0,LDF,0.0,0.0,0.0
Thrikkakara,PADAMUGAL,439,100.0,0.0,0.0,LDF,,,
Thrikkakara,THANAPADAM,679,100.0,0.0,0.0,LDF,0.0,0.0,0.0
Thrikkakara,T V  CENTRE,556,0.0,100.0,0.0,UDF,0.0,0.0,0.0
Thrikkakara,PATTUPURAKKAL,418,100.0,0.0,0.0,LDF,,,
Thrikkakara,KAKKANAD,255,0.0,0.0,0.0,LDF,,,
Thrikkakara,CHITTETHUKARA,620,0.0,100.0,0.0,UDF,0.0,100.0,0.0
Thrikkakara,NILAMPATHINJIMUGAL,496,0.0,100.0,0.0,UDF,0.0,0.0,0.0
Thrikkakara,PARAKKAMUGAL,148,0.0,100.0,0.0,UDF,,,
Thrikkakara,INFO PARK,272,0.0,100.0,0.0,UDF,,,
Thrikkakara,KALATHIKKUZHY,180,100.0,0.0,0.0,LDF,,,
Thrikkakara,ATHANI,515,0.0,100.0,0.0,UDF,-100.0,100.0,0.0
Thrikkakara,KUZHIKKATTUMOOLA,246,0.0,100.0,0.0,UDF,0.0,0.0,0.0
Thrikkakara,HEALTH CENTRE,668,0.0,100.0,0.0,UDF,,,
Thrikkakara,MAVELIPURAM,598,0.0,100.0,0.0,UDF,0.0,0.0,0.0
Thrikkakara,KOLLAMKUDIMUGAL,886,100.0,0.0,0.0,LDF,,,
Thrikkakara,MALEPPALLI,528,0.0,100.0,0.0,UDF,0.0,0.0,0.0
Thrikkakara,B.M.C WARD,331,0.0,100.0,0.0,UDF,,,
Thrikkakara,KUDILIMUKKU,595,0.0,100.0,0.0,UDF,0.0,0.0,0.0
Thrikkakara,N G O QUARTERS,635,0.0,100.0,0.0,UDF,,,
Thrikkakara,MYTHRIPURAM,356,0.0,0.0,0.0,LDF,,,
Thrikkakara,HOUSING BOARD,633,0.0,0.0,0.0,LDF,,,
Thrikkakara,KUNNEPPARAMBU EAST,768,0.0,100.0,0.0,UDF,,,
Thrikkakara,KUNNEPPARAMBU WEST,620,0.0,100.0,0.0,UDF,,,
Thrikkakara,THOPPIL SOUTH,248,0.0,0.0,0.0,LDF,0.0,0.0,0.0
Thrikkakara,KENNEDY MUKKU,504,0.0,0.0,0.0,LDF,,,
Thrikkakara,SNEHANILAYAM,622,100.0,0.0,0.0,LDF,0.0,0.0,0.0
Thrikkakara,CHERUMUTTAPPUZHAKKARA,373,0.0,100.0,0.0,UDF,,,
Thrikkakara,SAHAKARANA ROAD,881,0.0,100.0,0.0,UDF,0.0,0.0,0.0
Thrikkakara,B.M. NAGAR,650,100.0,0.0,0.0,LDF,,,
